Model,Accuracy,AUC,Precision,Recall,F1,MCC
Logistic Regression,0.8987061815769103,0.9045803233701014,0.6532399299474606,0.34188817598533455,0.44885679903730447,0.42450559942720695
Decision Tree,0.8751520513104059,0.7127179898824662,0.48312611012433393,0.4986251145737855,0.4907532701849346,0.4196964147978177
KNN,0.8984850160345018,0.8519604104922845,0.6328725038402457,0.37763519706691107,0.4730195177956372,0.43800789577379295
Naive Bayes (Gaussian),0.8458476169412805,0.8098751768170894,0.3936842105263158,0.5142071494042163,0.44594594594594594,0.36255396539908546
Random Forest,0.9033506579674887,0.9260681527293919,0.6593245227606461,0.41154903758020167,0.5067720090293454,0.4719655105351169
XGBoost,0.9087692137564968,0.9313022382692119,0.6557377049180327,0.5132905591200734,0.5758354755784062,0.530522549155326
